estacion_id,fecha,hora,nivel_agua_m,velocidad_ms,caudal_m3_s,temperatura_C,pH,oxigeno_disuelto_mg_L,turbidez_NTU,conductividad_uS_cm
AMZ-IQT-001,5/30/2023,16:00,52.56,1.285,270110,26.4,6.99,5.75,210,84
AMZ-IQT-001,5/31/2023,15:00,50.79,1.242,260984,25.6,6.77,5.93,211,90
AMZ-IQT-001,6/1/2023,6:00,34.27,0.838,176092,26.2,7.23,5.38,144,79
AMZ-IQT-001,6/2/2023,17:00,31.78,0.777,163298,27.1,6.97,5.67,131,91
AMZ-IQT-001,6/3/2023,17:00,31.94,0.781,164148,28.2,6.74,5.96,103,88
AMZ-IQT-001,6/4/2023,8:00,33.76,0.826,173483,27.6,6.61,5.36,127,98
AMZ-IQT-001,6/5/2023,11:00,35.11,0.859,180439,26.8,7.05,5.99,124,85
AMZ-IQT-001,6/6/2023,7:00,35.56,0.87,182727,26.9,6.42,4.72,153,97
AMZ-IQT-001,6/7/2023,12:00,36.69,0.897,188527,27.6,7.08,6.61,148,86
AMZ-IQT-001,6/8/2023,13:00,32.44,0.793,166723,28.1,7.25,5.29,141,81
AMZ-IQT-001,6/9/2023,15:00,33.49,0.819,172081,25,7.15,6.27,117,63
AMZ-IQT-001,6/10/2023,17:00,34,0.832,174749,26.3,7.01,5.61,114,90
AMZ-IQT-001,6/11/2023,9:00,34.89,0.853,179297,27.7,7.26,5.38,122,89
AMZ-IQT-001,6/12/2023,15:00,34.45,0.843,177055,27.5,7.13,5.32,149,102
AMZ-IQT-001,6/13/2023,15:00,34.62,0.847,177920,27.8,7.08,5.08,146,85
AMZ-IQT-001,6/14/2023,13:00,34.54,0.845,177498,26.8,6.72,5.89,132,76
AMZ-IQT-001,6/15/2023,16:00,32.76,0.801,168353,27.2,6.62,5.09,130,89
AMZ-IQT-001,6/16/2023,15:00,32.87,0.804,168900,28,7.33,5.37,116,74
AMZ-IQT-001,6/17/2023,12:00,35.84,0.876,184170,27.1,6.78,5.19,135,91
AMZ-IQT-001,6/18/2023,9:00,35.48,0.868,182351,27.3,6.94,5.61,151,95
AMZ-IQT-001,6/19/2023,16:00,32.82,0.803,168665,28.7,6.69,4.65,146,75
AMZ-IQT-001,6/20/2023,8:00,33.28,0.814,171035,26.3,7.23,5.51,165,85
AMZ-IQT-001,6/21/2023,12:00,36.74,0.898,188807,27.9,6.96,5.68,171,88
AMZ-IQT-001,6/22/2023,12:00,33.14,0.81,170317,27.4,7.18,4.91,122,89
AMZ-IQT-001,6/23/2023,16:00,32.94,0.806,169290,28.3,6.88,5.76,153,84
AMZ-IQT-001,6/24/2023,15:00,33.66,0.823,172959,27.3,6.91,4.68,108,86
AMZ-IQT-001,6/25/2023,17:00,36.42,0.891,187146,27.6,7.15,5.01,154,96
AMZ-IQT-001,6/26/2023,16:00,36.36,0.889,186854,28.4,7.19,5.52,110,82
AMZ-IQT-001,6/27/2023,13:00,35.96,0.879,184809,28.4,7.26,4.46,161,85
AMZ-IQT-001,6/28/2023,14:00,35.85,0.877,184216,27.1,7.04,5.48,162,86
AMZ-IQT-001,6/29/2023,14:00,34.04,0.832,174933,28,6.95,5.45,125,82
AMZ-IQT-001,6/30/2023,13:00,37.21,0.91,191231,26.5,7.01,6.54,164,92
AMZ-IQT-001,7/1/2023,15:00,33.18,0.811,170521,27,7.23,4.95,136,89
AMZ-IQT-001,7/2/2023,10:00,36.29,0.887,186501,28.9,7.02,6,135,85
AMZ-IQT-001,7/3/2023,9:00,35.53,0.869,182610,27.8,7.49,5.89,124,79
AMZ-IQT-001,7/4/2023,10:00,37.43,0.915,192363,27.5,7.06,5.29,135,76
AMZ-IQT-001,7/5/2023,15:00,34.88,0.853,179255,28.9,6.88,5.97,94,84
AMZ-IQT-001,7/6/2023,9:00,34.58,0.846,177728,28.7,7.1,5.66,124,77
AMZ-IQT-001,7/7/2023,6:00,34.46,0.843,177081,27.6,6.63,4.94,146,91
AMZ-IQT-001,7/8/2023,7:00,38.3,0.937,196845,29.1,6.99,5.26,120,109
AMZ-IQT-001,7/9/2023,16:00,34.82,0.852,178952,28.6,6.83,5.7,129,83
AMZ-IQT-001,7/10/2023,12:00,35.28,0.863,181295,29.7,7.13,4.45,134,75
AMZ-IQT-001,7/11/2023,13:00,35.92,0.878,184583,28,7.1,6.47,147,84
AMZ-IQT-001,7/12/2023,14:00,35.27,0.862,181227,29.1,7.13,4.9,138,91
AMZ-IQT-001,7/13/2023,10:00,35.13,0.859,180547,28,7.01,5.71,115,79
AMZ-IQT-001,7/14/2023,6:00,32.64,0.798,167759,29.8,7.08,6.01,133,98
AMZ-IQT-001,7/15/2023,17:00,35.37,0.865,181742,28.7,7.16,5.66,137,82
AMZ-IQT-001,7/16/2023,12:00,36.06,0.882,185312,30.2,6.83,5.66,123,80
AMZ-IQT-001,7/17/2023,12:00,38.65,0.945,198609,30.3,7.11,5.43,164,98
AMZ-IQT-001,7/18/2023,13:00,36.68,0.897,188517,28.3,6.93,5.42,136,96
AMZ-IQT-001,7/19/2023,9:00,35.63,0.871,183112,29.7,7.12,5.28,136,100
AMZ-IQT-001,7/20/2023,9:00,36.83,0.901,189260,29.5,6.75,5.44,170,98
AMZ-IQT-001,7/21/2023,17:00,34.99,0.856,179803,27.5,7.41,5.9,166,89
AMZ-IQT-001,7/22/2023,7:00,33.46,0.818,171961,28.2,6.98,5.75,124,91
AMZ-IQT-001,7/23/2023,13:00,34.86,0.852,179140,30.3,7.2,5.26,149,75
AMZ-IQT-001,7/24/2023,8:00,35.77,0.875,183832,29.4,7.33,5.9,122,104
AMZ-IQT-001,7/25/2023,8:00,37.62,0.92,193342,29.8,6.92,5.04,177,82
AMZ-IQT-001,7/26/2023,15:00,39.64,0.969,203692,28.1,6.91,5.39,150,87
AMZ-IQT-001,7/27/2023,8:00,36.14,0.884,185721,29.5,6.98,5.49,136,84
AMZ-IQT-001,7/28/2023,11:00,34.94,0.854,179564,29.6,7.35,5.55,144,88
AMZ-IQT-001,7/29/2023,7:00,36.59,0.895,188052,29.2,6.91,5.94,141,92
AMZ-IQT-001,7/30/2023,8:00,41.95,1.026,215578,28.9,6.82,5.93,136,86
AMZ-IQT-001,7/31/2023,14:00,41.41,1.013,212809,27.6,6.88,5.19,161,77
AMZ-IQT-001,8/1/2023,17:00,34.14,0.835,175459,29.9,6.86,6.05,114,89
AMZ-IQT-001,8/2/2023,8:00,38.94,0.952,200115,29,7.17,6.12,155,87
AMZ-IQT-001,8/3/2023,17:00,33.4,0.817,171664,27.8,6.93,5.06,138,85
AMZ-IQT-001,8/4/2023,11:00,35.39,0.865,181877,29.2,7.15,4.94,147,82
AMZ-IQT-001,8/5/2023,17:00,36.29,0.888,186516,28.4,7.03,5.49,156,71
AMZ-IQT-001,8/6/2023,11:00,33.55,0.82,172407,29.1,7.09,6.33,93,81
AMZ-IQT-001,8/7/2023,15:00,35.47,0.867,182266,29.4,6.88,5.41,170,82
AMZ-IQT-001,8/8/2023,6:00,36.22,0.886,186158,28.8,6.78,4.91,140,81
AMZ-IQT-001,8/9/2023,10:00,35.65,0.872,183190,30.2,7.06,5.97,128,98
AMZ-IQT-001,8/10/2023,11:00,37.96,0.928,195074,29.3,6.61,6.72,143,75
AMZ-IQT-001,8/11/2023,8:00,39.1,0.956,200910,28.9,6.89,4.76,167,83
AMZ-IQT-001,8/12/2023,9:00,34.73,0.849,178464,29.6,7.01,5.68,146,90
AMZ-IQT-001,8/13/2023,7:00,37.35,0.913,191932,29.8,7.07,5.63,158,93
AMZ-IQT-001,8/14/2023,9:00,36.84,0.901,189322,30.3,6.97,4.66,141,95
AMZ-IQT-001,8/15/2023,12:00,37.33,0.913,191847,30.8,7.54,5.15,139,98
AMZ-IQT-001,8/16/2023,12:00,37.61,0.92,193261,30.6,7.18,5.72,136,76
AMZ-IQT-001,8/17/2023,13:00,35.66,0.872,183235,29.6,7.47,5.01,145,82
AMZ-IQT-001,8/18/2023,11:00,37.6,0.919,193213,28.9,6.96,5.82,158,81
AMZ-IQT-001,8/19/2023,16:00,37.33,0.913,191843,28.8,7.24,5.04,163,94
AMZ-IQT-001,8/20/2023,7:00,33.57,0.821,172514,31.4,7.25,6.09,115,84
AMZ-IQT-001,8/21/2023,16:00,36.34,0.889,186748,29.8,6.58,6.18,140,99
AMZ-IQT-001,8/22/2023,6:00,37.99,0.929,195231,29.7,6.93,5,156,82
AMZ-IQT-001,8/23/2023,6:00,37.43,0.915,192336,30.2,7,5.88,174,82
AMZ-IQT-001,8/24/2023,14:00,36.17,0.884,185867,28.6,6.98,6.1,157,83
AMZ-IQT-001,8/25/2023,6:00,40.05,0.979,205829,29.4,7.07,5.89,150,85
AMZ-IQT-001,8/26/2023,11:00,38.25,0.935,196557,29.8,6.88,5.16,138,88
AMZ-IQT-001,8/27/2023,14:00,36.12,0.883,185595,29.6,7.15,5.37,144,94
AMZ-IQT-001,8/28/2023,9:00,37.48,0.917,192612,29.7,6.84,6.3,130,92
AMZ-IQT-001,8/29/2023,10:00,39.33,0.962,202124,29.8,6.89,4.84,158,76
AMZ-IQT-001,8/30/2023,16:00,35.84,0.876,184164,29.4,6.83,6.2,127,87
AMZ-IQT-001,8/31/2023,7:00,40.67,0.995,209004,30.9,6.79,5.23,156,82
AMZ-IQT-001,9/1/2023,6:00,37.38,0.914,192070,28.4,6.85,5.52,160,94
AMZ-IQT-001,9/2/2023,13:00,35.49,0.868,182385,30.4,6.82,5.4,123,79
AMZ-IQT-001,9/3/2023,7:00,38.82,0.949,199501,29.7,7.06,5.12,159,101
AMZ-IQT-001,9/4/2023,6:00,33.92,0.83,174322,30,7.19,5.23,160,69
AMZ-IQT-001,9/5/2023,10:00,40.59,0.993,208587,28.2,7.59,6.09,173,82
AMZ-IQT-001,9/6/2023,9:00,38.71,0.947,198908,29.8,6.98,5.92,191,79
AMZ-IQT-001,9/7/2023,6:00,37.83,0.925,194421,28.1,7.12,5.89,157,82
AMZ-IQT-001,9/8/2023,10:00,38.22,0.935,196416,29.8,6.88,5.72,132,98
AMZ-IQT-001,9/9/2023,17:00,38.28,0.936,196714,30.6,7.04,6.2,152,90
AMZ-IQT-001,9/10/2023,14:00,36.87,0.902,189455,29.5,6.84,5.3,153,85
AMZ-IQT-001,9/11/2023,6:00,37.47,0.916,192578,29.5,7.26,5.36,142,98
AMZ-IQT-001,9/12/2023,7:00,39.64,0.969,203718,29.6,7.1,5.01,175,91
AMZ-IQT-001,9/13/2023,11:00,39.32,0.962,202079,30.1,7.04,5.11,139,86
AMZ-IQT-001,9/14/2023,13:00,37.46,0.916,192510,29.8,7.09,5.75,135,77
AMZ-IQT-001,9/15/2023,8:00,38.66,0.945,198661,28.6,7,5.53,132,95
AMZ-IQT-001,9/16/2023,12:00,39.42,0.964,202562,29.7,6.96,4.72,148,82
AMZ-IQT-001,9/17/2023,6:00,36.33,0.889,186721,29.5,6.99,5.04,160,75
AMZ-IQT-001,9/18/2023,17:00,36.4,0.89,187062,29.9,6.88,5.47,135,72
AMZ-IQT-001,9/19/2023,7:00,38.23,0.935,196458,28.1,6.95,6.01,135,83
AMZ-IQT-001,9/20/2023,7:00,35.91,0.878,184550,29.2,7.21,5.32,160,93
AMZ-IQT-001,9/21/2023,8:00,35.86,0.877,184308,29.5,6.72,5.95,121,76
AMZ-IQT-001,9/22/2023,12:00,36.69,0.897,188532,31.5,7.03,5.7,170,72
AMZ-IQT-001,9/23/2023,6:00,36.72,0.898,188724,29,7.05,5.44,113,93
AMZ-IQT-001,9/24/2023,9:00,36.5,0.892,187552,28.2,6.9,6.81,151,78
AMZ-IQT-001,9/25/2023,8:00,37.88,0.926,194643,28.8,7.17,6.51,158,85
AMZ-IQT-001,9/26/2023,7:00,38.34,0.938,197018,29.2,7.1,6.08,122,90
AMZ-IQT-001,9/27/2023,15:00,34.85,0.852,179081,30.5,7.21,6.07,123,91
AMZ-IQT-001,9/28/2023,8:00,37.86,0.926,194537,29.2,7.09,4.83,158,88
AMZ-IQT-001,9/29/2023,9:00,38.22,0.935,196414,29.4,6.34,6.44,150,75
AMZ-IQT-001,9/30/2023,8:00,36.92,0.903,189724,30.4,6.88,4.95,127,94
AMZ-IQT-001,10/1/2023,16:00,33.26,0.813,170915,29.7,7.2,4.98,116,76
AMZ-IQT-001,10/2/2023,16:00,38.52,0.942,197975,29.7,7.25,4.99,157,92
AMZ-IQT-001,10/3/2023,15:00,36.82,0.9,189213,27.9,7,4.91,135,86
AMZ-IQT-001,10/4/2023,10:00,37.61,0.92,193277,29,7.18,6.26,142,91
AMZ-IQT-001,10/5/2023,13:00,39.98,0.978,205453,29.9,7.12,5.84,151,97
AMZ-IQT-001,10/6/2023,12:00,35.38,0.865,181839,28.7,6.86,5.22,119,78
AMZ-IQT-001,10/7/2023,14:00,35.39,0.865,181861,28.7,7.21,5.87,132,81
AMZ-IQT-001,10/8/2023,8:00,38.68,0.946,198775,28,6.83,5.66,162,79
AMZ-IQT-001,10/9/2023,14:00,34.53,0.844,177469,28.9,7.12,5.39,116,95
AMZ-IQT-001,10/10/2023,17:00,37.28,0.912,191587,28.7,7.38,5.24,138,85
AMZ-IQT-001,10/11/2023,14:00,32.07,0.784,164787,28.1,6.95,6.03,121,84
AMZ-IQT-001,10/12/2023,8:00,35.59,0.87,182919,28.7,6.92,5.55,150,87
AMZ-IQT-001,10/13/2023,13:00,37.77,0.924,194107,29.5,6.73,4.85,147,94
AMZ-IQT-001,10/14/2023,14:00,33.14,0.81,170318,27.8,6.73,5.53,119,102
AMZ-IQT-001,10/15/2023,11:00,32.75,0.801,168305,28.9,6.9,5.86,120,73
AMZ-IQT-001,10/16/2023,13:00,37.99,0.929,195246,28.2,7.16,5.59,148,105
AMZ-IQT-001,10/17/2023,12:00,34.4,0.841,176762,29.2,6.74,5,131,78
AMZ-IQT-001,10/18/2023,8:00,33.78,0.826,173607,29.6,6.97,6.12,116,85
AMZ-IQT-001,10/19/2023,13:00,36.34,0.889,186760,28.9,6.99,5.9,164,84
AMZ-IQT-001,10/20/2023,15:00,37.64,0.92,193441,28.4,6.79,5.57,126,89
AMZ-IQT-001,10/21/2023,15:00,34.85,0.852,179105,28.4,7.33,5.26,135,87
AMZ-IQT-001,10/22/2023,7:00,36.43,0.891,187206,28.2,6.73,6.34,157,87
AMZ-IQT-001,10/23/2023,14:00,35.23,0.861,181025,29.2,6.8,4.87,130,79
AMZ-IQT-001,10/24/2023,12:00,36.21,0.886,186088,28.7,6.76,4.6,127,86
AMZ-IQT-001,10/25/2023,6:00,37.23,0.91,191298,27.7,6.86,5.77,134,96
AMZ-IQT-001,10/26/2023,10:00,34.94,0.854,179554,27.9,7.15,4.79,115,92
AMZ-IQT-001,10/27/2023,7:00,35.6,0.871,182971,28.1,7.05,5.92,120,84
AMZ-IQT-001,10/28/2023,17:00,35.75,0.874,183728,26.8,7.18,5.66,108,83
AMZ-IQT-001,10/29/2023,13:00,36.07,0.882,185345,29.9,7.4,4.95,118,89
AMZ-IQT-001,10/30/2023,6:00,34.64,0.847,178013,28.4,7.08,5.23,138,105
AMZ-IQT-001,10/31/2023,14:00,32.25,0.789,165734,28.6,7.29,5.42,110,80
AMZ-IQT-001,11/1/2023,16:00,68.2,1.668,350493,28,7.01,4.77,272,98
AMZ-IQT-001,11/2/2023,15:00,71.13,1.739,365518,28.6,7.07,5.14,288,88
AMZ-IQT-001,11/3/2023,12:00,63.81,1.56,327921,28.8,6.97,5.4,257,95
AMZ-IQT-001,11/4/2023,10:00,69.27,1.694,355972,27.9,6.86,5.31,253,92
AMZ-IQT-001,11/5/2023,16:00,72.94,1.784,374837,27.6,6.86,5.5,280,82
AMZ-IQT-001,11/6/2023,7:00,73.93,1.808,379923,28.1,7.11,5.65,263,84
AMZ-IQT-001,11/7/2023,7:00,72.33,1.769,371705,26.8,6.91,5.58,251,85
AMZ-IQT-001,11/8/2023,13:00,68.61,1.678,352592,28,7.05,6.12,254,101
AMZ-IQT-001,11/9/2023,6:00,66.33,1.622,340852,27.5,6.72,5.36,244,84
AMZ-IQT-001,11/10/2023,10:00,71.78,1.755,368898,28.3,7.02,5.06,300,78
AMZ-IQT-001,11/11/2023,13:00,68.3,1.67,351014,27.3,7.02,6.17,263,94
AMZ-IQT-001,11/12/2023,10:00,63.05,1.542,324005,28,7.52,6.02,236,84
AMZ-IQT-001,11/13/2023,17:00,69.94,1.71,359392,27.6,7.26,5.67,281,82
AMZ-IQT-001,11/14/2023,9:00,70.65,1.728,363049,27.9,6.89,5.18,269,74
AMZ-IQT-001,11/15/2023,16:00,67.68,1.655,347785,27,6.83,5.03,272,77
AMZ-IQT-001,11/16/2023,9:00,71.08,1.738,365253,27.5,6.86,5.08,268,86
AMZ-IQT-001,11/17/2023,6:00,67.14,1.642,345016,25.7,6.93,5.57,246,103
AMZ-IQT-001,11/18/2023,16:00,62.98,1.54,323625,27.9,7.17,4.9,257,102
AMZ-IQT-001,11/19/2023,8:00,75.31,1.842,387034,28,7.05,5.75,300,93
AMZ-IQT-001,11/20/2023,7:00,68.19,1.667,350403,26.6,6.8,5.44,268,91
AMZ-IQT-001,11/21/2023,6:00,69.11,1.69,355174,27.6,6.68,5.5,253,84
AMZ-IQT-001,11/22/2023,12:00,70.48,1.723,362187,27.4,6.8,5.88,279,88
AMZ-IQT-001,11/23/2023,13:00,70.04,1.713,359929,25.6,7.24,6.64,248,84
AMZ-IQT-001,11/24/2023,9:00,73.91,1.807,379795,28.4,7.08,5.63,289,93
AMZ-IQT-001,11/25/2023,16:00,68.44,1.674,351687,28,7.16,5.14,269,95
AMZ-IQT-001,11/26/2023,9:00,66.96,1.637,344119,28,6.71,5.18,258,81
AMZ-IQT-001,11/27/2023,17:00,65.06,1.591,334332,27,7.11,5.06,225,76
AMZ-IQT-001,11/28/2023,13:00,63.94,1.563,328562,27.9,7.05,5.77,258,82
AMZ-IQT-001,11/29/2023,9:00,65.05,1.591,334267,27,7.26,5.62,247,94
AMZ-IQT-001,11/30/2023,7:00,66.23,1.62,340347,25.6,7.2,5.94,250,85
AMZ-IQT-001,12/1/2023,7:00,69.84,1.708,358882,26.5,7.15,5.38,263,80
AMZ-IQT-001,12/2/2023,15:00,70.06,1.713,360010,25,7.13,6.42,243,93
AMZ-IQT-001,12/3/2023,9:00,65.98,1.613,339071,26.3,6.95,5.14,268,103
AMZ-IQT-001,12/4/2023,12:00,64.21,1.57,329980,27.9,6.97,6.66,222,91
AMZ-IQT-001,12/5/2023,10:00,64.82,1.585,333098,25,7.12,5.56,252,96
AMZ-IQT-001,12/6/2023,15:00,65,1.589,334031,27.7,7.22,5.21,246,91
AMZ-IQT-001,12/7/2023,12:00,68.79,1.682,353502,26.2,6.97,6.11,263,76
AMZ-IQT-001,12/8/2023,6:00,61.85,1.513,317863,26.9,6.78,5.5,217,86
AMZ-IQT-001,12/9/2023,8:00,70.13,1.715,360404,25.5,6.58,4.78,285,87
AMZ-IQT-001,12/10/2023,6:00,73.3,1.792,376683,26,7.09,6.09,248,76
AMZ-IQT-001,12/11/2023,16:00,65.27,1.596,335439,26.4,7.16,6.36,261,85
AMZ-IQT-001,12/12/2023,8:00,64.18,1.57,329841,26,7.3,5.1,256,81
AMZ-IQT-001,12/13/2023,6:00,64.99,1.589,334002,26.1,6.84,5.33,242,89
AMZ-IQT-001,12/14/2023,14:00,65.53,1.602,336751,26.4,6.83,5.12,262,83
AMZ-IQT-001,12/15/2023,13:00,72.22,1.766,371151,25,7.13,5.43,289,92
AMZ-IQT-001,12/16/2023,7:00,64.3,1.572,330451,25,7.22,5.18,249,84
AMZ-IQT-001,12/17/2023,6:00,68.59,1.677,352480,25.4,6.84,5.74,293,69
AMZ-IQT-001,12/18/2023,11:00,67.76,1.657,348194,26.7,7.13,5.61,280,100
AMZ-IQT-001,12/19/2023,14:00,62.84,1.537,322916,25.8,7.17,6.65,239,93
AMZ-IQT-001,12/20/2023,10:00,64.51,1.578,331535,24.8,6.97,5.26,240,98
AMZ-IQT-001,12/21/2023,17:00,66.78,1.633,343168,26,6.76,6.6,263,105
AMZ-IQT-001,12/22/2023,9:00,64.47,1.577,331330,24.6,7.4,5.11,262,80
AMZ-IQT-001,12/23/2023,12:00,64.08,1.567,329293,25.4,7.28,5.18,244,92
AMZ-IQT-001,12/24/2023,17:00,68.82,1.683,353655,23.4,7.29,5.97,279,82
AMZ-IQT-001,12/25/2023,17:00,60.12,1.47,308960,25.1,7.04,4.86,251,96
AMZ-IQT-001,12/26/2023,7:00,67.49,1.65,346839,26.9,6.85,5,252,90
AMZ-IQT-001,12/27/2023,17:00,61.32,1.499,315113,25.4,6.7,5.14,232,80
AMZ-IQT-001,12/28/2023,15:00,57.06,1.395,293205,26,7.31,4.75,222,93
AMZ-IQT-001,12/29/2023,9:00,67.36,1.647,346178,26.1,6.95,4.6,256,80
AMZ-IQT-001,12/30/2023,12:00,57.76,1.413,296841,26,6.8,5.53,209,74
AMZ-IQT-001,12/31/2023,12:00,66.36,1.623,341030,24.6,7.23,5.41,266,73
AMZ-IQT-001,1/1/2024,7:00,68.87,1.684,353899,23.7,6.9,5.12,263,95
AMZ-IQT-001,1/2/2024,8:00,62.48,1.528,321091,25.3,6.8,5.29,233,80
AMZ-IQT-001,1/3/2024,8:00,67.41,1.648,346407,25.4,7.02,6.02,248,74
AMZ-IQT-001,1/4/2024,11:00,59.53,1.456,305906,23.3,7.1,5.67,206,95
AMZ-IQT-001,1/5/2024,10:00,61.82,1.512,317688,24.1,7.43,5.81,239,96
AMZ-IQT-001,1/6/2024,14:00,59.28,1.45,304648,24.5,7.1,6.18,235,87
AMZ-IQT-001,1/7/2024,11:00,60.63,1.483,311559,24.9,7.06,6.1,222,86
AMZ-IQT-001,1/8/2024,12:00,60.67,1.484,311785,22.8,7.14,5.31,239,84
AMZ-IQT-001,1/9/2024,6:00,60.09,1.469,308814,24.9,6.79,5.63,210,85
AMZ-IQT-001,1/10/2024,16:00,65.51,1.602,336641,24.6,6.95,6.07,270,90
AMZ-IQT-001,1/11/2024,8:00,63.62,1.556,326959,23.4,6.69,6.05,236,94
AMZ-IQT-001,1/12/2024,17:00,59.04,1.444,303400,24.6,6.87,5.12,216,93
AMZ-IQT-001,1/13/2024,12:00,61.87,1.513,317935,25.3,6.96,5.76,253,105
AMZ-IQT-001,1/14/2024,16:00,60.37,1.476,310238,24.6,7.13,6.1,221,74
AMZ-IQT-001,1/15/2024,14:00,63.12,1.543,324362,23.9,7.08,6.07,226,72
AMZ-IQT-001,1/16/2024,7:00,62.44,1.527,320893,24.4,7.23,5.09,256,89
AMZ-IQT-001,1/17/2024,10:00,62.4,1.526,320674,25.1,7.19,6.58,238,89
AMZ-IQT-001,1/18/2024,6:00,65.93,1.612,338814,25,7.2,4.78,262,89
AMZ-IQT-001,1/19/2024,6:00,59.94,1.466,308034,24.7,6.75,5.71,236,92
AMZ-IQT-001,1/20/2024,8:00,60.88,1.489,312854,23.6,6.66,6.23,244,90
AMZ-IQT-001,1/21/2024,10:00,66.91,1.636,343822,24.8,6.87,5.82,267,79
AMZ-IQT-001,1/22/2024,7:00,62.62,1.531,321778,22.4,7.31,6.26,234,104
AMZ-IQT-001,1/23/2024,11:00,69.42,1.698,356759,24.3,6.91,5.5,271,83
AMZ-IQT-001,1/24/2024,6:00,64.88,1.587,333435,27.1,6.8,5.43,255,77
AMZ-IQT-001,1/25/2024,15:00,62.7,1.533,322230,24.5,7.23,5.55,240,84
AMZ-IQT-001,1/26/2024,17:00,66.58,1.628,342148,23.3,6.97,6.35,266,110
AMZ-IQT-001,1/27/2024,8:00,59.26,1.449,304546,22.5,7.08,5.51,240,66
AMZ-IQT-001,1/28/2024,13:00,66,1.614,339170,24.3,7.13,4.81,256,92
AMZ-IQT-001,1/29/2024,13:00,62.95,1.539,323489,25.3,7.3,5.94,233,88
AMZ-IQT-001,1/30/2024,16:00,59.87,1.464,307686,22.8,7.06,5.66,239,97
AMZ-IQT-001,1/31/2024,15:00,59.48,1.455,305675,24.6,6.87,5.87,216,78
AMZ-IQT-001,2/1/2024,7:00,63.59,1.555,326800,24.9,6.81,5.8,244,90
AMZ-IQT-001,2/2/2024,13:00,60,1.467,308314,25.1,6.74,6.28,250,94
AMZ-IQT-001,2/3/2024,11:00,61.69,1.509,317014,25.1,7.04,5.28,225,87
AMZ-IQT-001,2/4/2024,13:00,55.82,1.365,286832,23.1,7.18,4.61,212,83
AMZ-IQT-001,2/5/2024,14:00,60.78,1.486,312335,22.9,7.26,6.09,244,80
AMZ-IQT-001,2/6/2024,11:00,60.25,1.473,309602,23.6,7.48,5.59,214,86
AMZ-IQT-001,2/7/2024,13:00,58.39,1.428,300080,23,7.41,5.21,209,89
AMZ-IQT-001,2/8/2024,14:00,59.21,1.448,304278,23.8,6.64,4.79,205,78
AMZ-IQT-001,2/9/2024,7:00,61.68,1.508,316974,25.2,7.04,4.73,255,77
AMZ-IQT-001,2/10/2024,13:00,62.39,1.526,320593,24.9,6.78,6.07,243,83
AMZ-IQT-001,2/11/2024,16:00,63.37,1.55,325658,23.7,6.8,5.29,236,90
AMZ-IQT-001,2/12/2024,17:00,59.89,1.465,307774,24.4,6.88,6.01,236,83
AMZ-IQT-001,2/13/2024,16:00,57.99,1.418,297982,21.9,6.96,5.92,242,77
AMZ-IQT-001,2/14/2024,10:00,63.28,1.547,325195,24.2,6.69,4.86,236,89
AMZ-IQT-001,2/15/2024,6:00,61.63,1.507,316737,23.4,6.91,4.79,203,78
AMZ-IQT-001,2/16/2024,9:00,62.65,1.532,321961,23.6,6.47,5.13,235,96
AMZ-IQT-001,2/17/2024,12:00,58.37,1.427,299943,22.9,6.93,4.39,201,88
AMZ-IQT-001,2/18/2024,13:00,67.48,1.65,346777,23.6,7.1,4.72,267,84
AMZ-IQT-001,2/19/2024,14:00,53.18,1.301,273307,23.9,6.77,4.86,221,103
AMZ-IQT-001,2/20/2024,13:00,63.03,1.541,323883,24.7,7.04,5.01,212,90
AMZ-IQT-001,2/21/2024,6:00,57.76,1.412,296816,24.7,6.81,5.41,218,84
AMZ-IQT-001,2/22/2024,7:00,59.92,1.465,307921,21.8,7.18,5.26,220,77
AMZ-IQT-001,2/23/2024,16:00,57.57,1.408,295848,23.7,7.05,5.69,239,77
AMZ-IQT-001,2/24/2024,15:00,61.55,1.505,316302,23.7,6.8,5.56,211,92
AMZ-IQT-001,2/25/2024,8:00,64.88,1.587,333407,24.3,7,5.17,221,83
AMZ-IQT-001,2/26/2024,13:00,58.39,1.428,300058,22.7,6.93,5.3,237,87
AMZ-IQT-001,2/27/2024,13:00,60.16,1.471,309136,23.7,7.19,5.31,214,69
AMZ-IQT-001,2/28/2024,8:00,61.43,1.502,315692,24.8,6.74,5.59,235,82
AMZ-IQT-001,2/29/2024,16:00,62.27,1.523,320021,24.4,7.06,5.19,225,87
AMZ-IQT-001,3/1/2024,15:00,63.95,1.564,328618,24,7.17,4.56,244,103
AMZ-IQT-001,3/2/2024,14:00,64.14,1.568,329588,23,7.29,5.68,263,82
AMZ-IQT-001,3/3/2024,12:00,57.9,1.416,297524,25.3,6.9,5.24,227,74
AMZ-IQT-001,3/4/2024,13:00,60.5,1.48,310923,23.1,6.92,5.22,231,93
AMZ-IQT-001,3/5/2024,8:00,60.02,1.468,308452,22.8,6.77,5.89,243,85
AMZ-IQT-001,3/6/2024,7:00,59.14,1.446,303933,22.3,6.69,5.95,234,85
AMZ-IQT-001,3/7/2024,14:00,60.95,1.491,313232,23.9,7.13,5.22,247,79
AMZ-IQT-001,3/8/2024,14:00,54.85,1.341,281856,23.7,7.16,6.2,218,88
AMZ-IQT-001,3/9/2024,9:00,62.25,1.522,319905,22.5,7.08,5.31,239,88
AMZ-IQT-001,3/10/2024,9:00,61.2,1.497,314516,25,6.84,5.16,243,94
AMZ-IQT-001,3/11/2024,15:00,60.94,1.49,313188,23.9,6.65,6.33,269,88
AMZ-IQT-001,3/12/2024,11:00,59.8,1.462,307312,23.3,6.57,4.94,226,93
AMZ-IQT-001,3/13/2024,10:00,60.43,1.478,310544,22.4,7.29,5.79,212,95
AMZ-IQT-001,3/14/2024,8:00,59.5,1.455,305755,23.9,6.99,6.26,202,84
AMZ-IQT-001,3/15/2024,11:00,61.57,1.506,316425,23,7.14,5.81,238,90
AMZ-IQT-001,3/16/2024,17:00,64.74,1.583,332700,22.8,6.63,5.17,250,89
AMZ-IQT-001,3/17/2024,11:00,63.08,1.543,324158,24.2,6.89,5.13,231,97
AMZ-IQT-001,3/18/2024,14:00,59.57,1.457,306147,21.5,7.45,5.11,220,93
AMZ-IQT-001,3/19/2024,8:00,61.01,1.492,313530,23.1,7.19,4.45,231,85
AMZ-IQT-001,3/20/2024,10:00,58.63,1.434,301271,24.4,7.24,6.14,234,109
AMZ-IQT-001,3/21/2024,7:00,62.29,1.523,320112,23.9,7.37,5.64,217,98
AMZ-IQT-001,3/22/2024,14:00,60.76,1.486,312222,24.2,7.14,6.17,251,75
AMZ-IQT-001,3/23/2024,15:00,60.72,1.485,312023,23.2,7.31,5.95,241,77
AMZ-IQT-001,3/24/2024,14:00,66,1.614,339177,22.3,7.06,5.28,263,83
AMZ-IQT-001,3/25/2024,8:00,62.38,1.525,320555,25.2,7.29,5.45,246,79
AMZ-IQT-001,3/26/2024,7:00,63.4,1.55,325790,24.3,6.89,5.82,243,83
AMZ-IQT-001,3/27/2024,11:00,62.74,1.534,322418,22.6,6.46,5.16,221,100
AMZ-IQT-001,3/28/2024,7:00,67.12,1.641,344938,24.4,7.16,5.65,261,85
AMZ-IQT-001,3/29/2024,14:00,59.12,1.446,303836,24.4,7.12,5.85,246,93
AMZ-IQT-001,3/30/2024,13:00,63.07,1.542,324104,23.7,7.04,6.18,233,105
AMZ-IQT-001,3/31/2024,9:00,60.91,1.489,313010,24,7.11,5.82,232,96
AMZ-IQT-001,4/1/2024,14:00,44.06,1.077,226407,23.8,6.94,5.26,177,96
AMZ-IQT-001,4/2/2024,9:00,45.08,1.102,231671,24.2,6.99,5.13,165,85
AMZ-IQT-001,4/3/2024,8:00,45.58,1.115,234247,24,6.96,5.24,177,89
AMZ-IQT-001,4/4/2024,12:00,41.58,1.017,213667,24.3,7,5.38,157,86
AMZ-IQT-001,4/5/2024,14:00,43.28,1.058,222403,25.5,6.8,5.64,143,84
AMZ-IQT-001,4/6/2024,6:00,47.34,1.158,243281,25.1,6.5,5.88,184,86
AMZ-IQT-001,4/7/2024,13:00,47.26,1.156,242865,25.7,7.31,5.34,169,99
AMZ-IQT-001,4/8/2024,15:00,42.1,1.029,216336,23.9,7.17,5,165,84
AMZ-IQT-001,4/9/2024,16:00,46.26,1.131,237741,24.8,7.16,4.68,189,86
AMZ-IQT-001,4/10/2024,10:00,45.68,1.117,234749,23.3,7.04,5.92,175,84
AMZ-IQT-001,4/11/2024,14:00,44.28,1.083,227542,23.3,6.73,5.17,151,88
AMZ-IQT-001,4/12/2024,10:00,43.12,1.054,221582,25.3,7.22,6.25,172,86
AMZ-IQT-001,4/13/2024,14:00,43.13,1.055,221664,23.6,6.66,5.04,205,80
AMZ-IQT-001,4/14/2024,17:00,44.12,1.079,226730,26,7.01,5.15,161,88
AMZ-IQT-001,4/15/2024,13:00,43.34,1.06,222747,24.3,6.96,6.12,186,86
AMZ-IQT-001,4/16/2024,12:00,45.19,1.105,232217,25,6.92,6.05,165,73
AMZ-IQT-001,4/17/2024,10:00,44.97,1.1,231076,24.7,7.23,5.85,165,99
AMZ-IQT-001,4/18/2024,9:00,44,1.076,226133,25,7.11,6.51,143,90
AMZ-IQT-001,4/19/2024,14:00,44.68,1.093,229602,24,7.32,5.33,164,86
AMZ-IQT-001,4/20/2024,15:00,45.41,1.11,233362,25.5,7.18,5.22,176,89
AMZ-IQT-001,4/21/2024,7:00,45.28,1.107,232676,24.2,7.3,5.76,134,91
AMZ-IQT-001,4/22/2024,12:00,43.99,1.076,226056,25.6,6.79,5.43,195,89
AMZ-IQT-001,4/23/2024,13:00,47.84,1.17,245838,23.6,6.92,5.58,184,92
AMZ-IQT-001,4/24/2024,16:00,48.41,1.184,248786,24.1,6.87,5.4,172,85
AMZ-IQT-001,4/25/2024,9:00,48.05,1.175,246921,24.4,6.82,5.16,173,87
AMZ-IQT-001,4/26/2024,17:00,46.39,1.134,238376,25.1,7.15,4.28,203,66
AMZ-IQT-001,4/27/2024,17:00,47.38,1.159,243480,26.3,6.88,6.27,191,75
AMZ-IQT-001,4/28/2024,9:00,41.81,1.022,214877,25.3,7.09,5.82,149,78
AMZ-IQT-001,4/29/2024,11:00,43.2,1.057,222025,25.5,7.18,5.69,180,88
AMZ-IQT-001,4/30/2024,10:00,49.08,1.2,252222,26.6,7.39,5.91,174,87
AMZ-IQT-001,5/1/2024,9:00,51.91,1.269,266747,24.5,7.08,6.13,213,83
AMZ-IQT-001,5/2/2024,15:00,44.96,1.1,231064,26.3,7.13,4.59,152,86
AMZ-IQT-001,5/3/2024,12:00,46.19,1.13,237384,24.8,7.5,5.64,196,86
AMZ-IQT-001,5/4/2024,17:00,50.66,1.239,260318,25,7.09,5.69,192,93
AMZ-IQT-001,5/5/2024,8:00,46.21,1.13,237487,23.6,7.35,5.02,174,81
AMZ-IQT-001,5/6/2024,13:00,44.85,1.097,230472,26.1,6.94,5.28,162,89
AMZ-IQT-001,5/7/2024,15:00,43.52,1.064,223656,26.1,7.13,5.76,195,87
AMZ-IQT-001,5/8/2024,11:00,44.77,1.095,230065,25.3,6.61,5.13,165,64
AMZ-IQT-001,5/9/2024,15:00,50.66,1.239,260347,25.5,7.13,5.8,203,99
AMZ-IQT-001,5/10/2024,17:00,48.26,1.18,248005,25.2,6.39,5.8,173,89
AMZ-IQT-001,5/11/2024,15:00,46.01,1.125,236452,25.1,7.3,5.43,172,91
AMZ-IQT-001,5/12/2024,9:00,49.63,1.214,255036,25.5,7.14,6.86,188,97
AMZ-IQT-001,5/13/2024,12:00,48.08,1.176,247096,26.8,7.05,5.6,164,87
AMZ-IQT-001,5/14/2024,14:00,47.63,1.165,244790,26.4,7.11,4.79,190,91
AMZ-IQT-001,5/15/2024,13:00,45.81,1.12,235427,25.1,6.64,5.53,196,81
AMZ-IQT-001,5/16/2024,13:00,48.04,1.175,246891,26.6,7.03,5.09,162,95
AMZ-IQT-001,5/17/2024,9:00,44.82,1.096,230344,26.8,7.12,4.45,184,80
AMZ-IQT-001,5/18/2024,6:00,47.69,1.166,245098,26.6,6.95,5.29,171,99
AMZ-IQT-001,5/19/2024,13:00,47.64,1.165,244802,26.2,7.2,6.1,185,89
AMZ-IQT-001,5/20/2024,16:00,49.86,1.219,256223,26.1,7.01,5.59,187,84
AMZ-IQT-001,5/21/2024,11:00,45.7,1.118,234848,26.3,6.94,5.61,174,88
AMZ-IQT-001,5/22/2024,15:00,52.1,1.274,267741,25.3,7.12,5.69,213,97
AMZ-IQT-001,5/23/2024,15:00,49.44,1.209,254065,25.9,7.1,5.99,168,89
AMZ-IQT-001,5/24/2024,12:00,49.07,1.2,252143,25.5,6.84,5.71,185,93
AMZ-IQT-001,5/25/2024,8:00,45.99,1.125,236352,26.6,7.11,5.12,147,76
AMZ-IQT-001,5/26/2024,14:00,47.57,1.163,244475,27.8,7.2,5.41,171,83
AMZ-IQT-001,5/27/2024,8:00,47.96,1.173,246470,25.6,7.02,5.25,178,87
AMZ-IQT-001,5/28/2024,13:00,47.62,1.164,244712,26.1,6.89,5.86,198,77
AMZ-IQT-001,5/29/2024,14:00,48.25,1.18,247969,27.3,6.89,6.1,177,80
AMZ-IQT-001,5/30/2024,12:00,52.78,1.291,271245,26.9,7.24,5.89,212,85
AMZ-IQT-001,5/31/2024,16:00,47.84,1.17,245833,27.4,6.7,5.26,184,87
AMZ-IQT-001,6/1/2024,6:00,34.57,0.845,177667,27.4,7.06,5.99,131,81
AMZ-IQT-001,6/2/2024,9:00,35.41,0.866,181975,26.2,7.22,5.31,125,89
AMZ-IQT-001,6/3/2024,10:00,34.69,0.848,178254,27.6,7.07,5.97,122,94
AMZ-IQT-001,6/4/2024,8:00,31.63,0.774,162566,26.7,7.02,5.54,107,75
AMZ-IQT-001,6/5/2024,12:00,31.74,0.776,163104,26,7.52,4.98,118,83
AMZ-IQT-001,6/6/2024,16:00,32.77,0.801,168413,28.1,7.06,6.03,111,85
AMZ-IQT-001,6/7/2024,9:00,35.65,0.872,183201,26.1,7.09,6.11,153,78
AMZ-IQT-001,6/8/2024,12:00,35.09,0.858,180345,27.7,7.14,4.66,138,62
AMZ-IQT-001,6/9/2024,11:00,34.46,0.843,177089,27.9,6.89,5.92,114,97
AMZ-IQT-001,6/10/2024,15:00,35.16,0.86,180684,29,7.1,5.71,129,87
AMZ-IQT-001,6/11/2024,14:00,34.28,0.838,176151,26.2,7.13,5.82,121,83
AMZ-IQT-001,6/12/2024,8:00,33.03,0.808,169721,27.9,7.19,5.17,134,86
AMZ-IQT-001,6/13/2024,13:00,34.75,0.85,178556,28.4,6.97,5.57,163,81
AMZ-IQT-001,6/14/2024,11:00,31.64,0.774,162613,27.4,7.16,5.83,120,85
AMZ-IQT-001,6/15/2024,12:00,32.47,0.794,166887,27.6,7.03,5.77,146,81
AMZ-IQT-001,6/16/2024,9:00,34.55,0.845,177549,27.3,6.68,5.65,134,76
AMZ-IQT-001,6/17/2024,6:00,35.34,0.864,181623,30,7.08,4.91,128,89
AMZ-IQT-001,6/18/2024,8:00,35.52,0.869,182545,28.4,7,5.45,124,65
AMZ-IQT-001,6/19/2024,15:00,32.32,0.79,166100,28.1,7.2,6.4,165,92
AMZ-IQT-001,6/20/2024,14:00,36.07,0.882,185359,27.4,6.97,5.47,136,103
AMZ-IQT-001,6/21/2024,13:00,34.83,0.852,178995,29.7,6.91,5.47,126,89
AMZ-IQT-001,6/22/2024,6:00,36.09,0.883,185469,27.8,7.19,4.77,139,79
AMZ-IQT-001,6/23/2024,9:00,35.56,0.87,182739,27.1,7.4,4.91,122,90
AMZ-IQT-001,6/24/2024,14:00,34.64,0.847,178009,28.2,6.69,5.03,146,89
AMZ-IQT-001,6/25/2024,8:00,36.45,0.891,187293,28.2,7.38,5.63,129,101
AMZ-IQT-001,6/26/2024,6:00,31.87,0.779,163801,27.9,7.22,5.28,131,97
AMZ-IQT-001,6/27/2024,11:00,36.59,0.895,188029,27.8,6.88,5.21,164,81
AMZ-IQT-001,6/28/2024,14:00,36.86,0.901,189426,27.8,6.75,5.3,123,96
AMZ-IQT-001,6/29/2024,13:00,32.29,0.79,165944,28.4,6.96,4.86,155,93
AMZ-IQT-001,6/30/2024,11:00,36.88,0.902,189501,29.6,7,5.92,147,96
AMZ-IQT-001,7/1/2024,10:00,32.85,0.803,168803,26.8,7.33,6.25,109,75
AMZ-IQT-001,7/2/2024,14:00,35.72,0.873,183548,28.7,7.11,5.29,153,86
AMZ-IQT-001,7/3/2024,12:00,33.64,0.823,172863,29.9,6.99,5.11,132,91
AMZ-IQT-001,7/4/2024,12:00,35.72,0.874,183583,30.3,7.01,5.51,141,96
AMZ-IQT-001,7/5/2024,12:00,36.42,0.891,187174,28,7.11,5,149,76
AMZ-IQT-001,7/6/2024,13:00,33.74,0.825,173378,28.9,6.96,5.1,166,86
AMZ-IQT-001,7/7/2024,8:00,33.34,0.815,171351,30,7.08,5.06,128,83
AMZ-IQT-001,7/8/2024,6:00,36.74,0.898,188786,27.5,6.79,5.65,138,82
AMZ-IQT-001,7/9/2024,16:00,35.57,0.87,182783,29.1,7.13,4.69,152,76
AMZ-IQT-001,7/10/2024,9:00,36.26,0.887,186337,27.6,6.78,4.85,147,89
AMZ-IQT-001,7/11/2024,9:00,35.3,0.863,181418,29.4,6.91,4.91,119,92
AMZ-IQT-001,7/12/2024,9:00,38.45,0.94,197577,29.4,6.8,5.62,164,88
AMZ-IQT-001,7/13/2024,17:00,39.1,0.956,200927,29.4,6.73,4.98,162,78
AMZ-IQT-001,7/14/2024,16:00,37.69,0.922,193667,27.5,7.09,5.86,112,83
AMZ-IQT-001,7/15/2024,16:00,34.12,0.834,175318,29.1,7,5.19,121,84
AMZ-IQT-001,7/16/2024,9:00,37.4,0.915,192189,28.5,6.97,6.08,139,91
AMZ-IQT-001,7/17/2024,11:00,36.24,0.886,186216,27.7,7.06,5.22,160,83
AMZ-IQT-001,7/18/2024,10:00,34.3,0.839,176260,29,6.68,6.05,147,80
AMZ-IQT-001,7/19/2024,8:00,34.27,0.838,176107,29.4,6.76,5.64,145,89
AMZ-IQT-001,7/20/2024,10:00,38.17,0.933,196155,27.7,7.26,6.05,165,84
AMZ-IQT-001,7/21/2024,6:00,39.12,0.957,201050,28.6,7.34,5.81,135,101
AMZ-IQT-001,7/22/2024,10:00,36.52,0.893,187691,29.8,7.26,6.22,123,85
AMZ-IQT-001,7/23/2024,16:00,34.92,0.854,179477,29.3,7.04,5.59,113,90
AMZ-IQT-001,7/24/2024,17:00,31.45,0.769,161603,28.7,7.08,5.05,125,85
AMZ-IQT-001,7/25/2024,13:00,35.74,0.874,183672,29.4,7.45,6.01,121,78
AMZ-IQT-001,7/26/2024,14:00,37.9,0.927,194755,29,7.17,5.19,146,86
AMZ-IQT-001,7/27/2024,8:00,37.73,0.923,193867,28.5,6.94,5.4,160,81
AMZ-IQT-001,7/28/2024,17:00,35.16,0.86,180695,27.9,6.85,6.4,138,91
AMZ-IQT-001,7/29/2024,9:00,37.47,0.916,192577,30.8,7.16,4.98,155,92
AMZ-IQT-001,7/30/2024,10:00,35.67,0.872,183311,28.9,7.07,4.97,124,74
AMZ-IQT-001,7/31/2024,14:00,35.22,0.861,180982,28.1,6.99,5.83,119,83
AMZ-IQT-001,8/1/2024,15:00,37.75,0.923,193971,29.5,6.82,5.12,162,80
AMZ-IQT-001,8/2/2024,10:00,36.94,0.903,189823,28.4,7.1,5.4,140,90
AMZ-IQT-001,8/3/2024,17:00,37.91,0.927,194803,30.1,7.36,4.91,156,102
AMZ-IQT-001,8/4/2024,9:00,35.61,0.871,182984,30.4,6.71,5.2,142,88
AMZ-IQT-001,8/5/2024,6:00,38.86,0.95,199675,28.5,7.1,5.51,174,90
AMZ-IQT-001,8/6/2024,16:00,36.71,0.898,188649,29.6,7.16,5.37,144,79
AMZ-IQT-001,8/7/2024,11:00,35.17,0.86,180719,29.9,7,6.47,123,91
AMZ-IQT-001,8/8/2024,12:00,35.48,0.868,182351,28.2,7.2,5.21,151,87
AMZ-IQT-001,8/9/2024,16:00,37.27,0.911,191530,30.4,6.91,6.28,138,74
AMZ-IQT-001,8/10/2024,16:00,41.26,1.009,212048,30.3,7.25,6.54,174,77
AMZ-IQT-001,8/11/2024,10:00,38.78,0.948,199280,30.6,6.91,6.06,180,89
AMZ-IQT-001,8/12/2024,7:00,40.5,0.99,208139,28.1,7.27,4.83,153,84
AMZ-IQT-001,8/13/2024,14:00,33.9,0.829,174188,29.1,6.88,4.9,126,98
AMZ-IQT-001,8/14/2024,9:00,35.25,0.862,181166,30.2,7.22,5.17,146,77
AMZ-IQT-001,8/15/2024,9:00,38.67,0.946,198746,29,6.79,4.67,134,87
AMZ-IQT-001,8/16/2024,15:00,39.89,0.975,204999,30,6.88,5.16,165,88
AMZ-IQT-001,8/17/2024,11:00,38.44,0.94,197564,28.5,7.03,4.64,172,84
AMZ-IQT-001,8/18/2024,15:00,36,0.88,184984,29.3,6.94,4.87,145,83
AMZ-IQT-001,8/19/2024,16:00,37.12,0.908,190745,30,6.86,5.7,118,80
AMZ-IQT-001,8/20/2024,17:00,39.65,0.97,203745,30.5,6.95,4.88,123,88
AMZ-IQT-001,8/21/2024,13:00,42.28,1.034,217289,29.7,6.95,4.69,155,84
AMZ-IQT-001,8/22/2024,11:00,35.37,0.865,181765,28.3,7.1,4.77,127,88
AMZ-IQT-001,8/23/2024,12:00,37.52,0.918,192831,29.7,7.19,4.81,164,84
AMZ-IQT-001,8/24/2024,14:00,39.33,0.962,202132,28.3,7.3,5.42,148,94
AMZ-IQT-001,8/25/2024,6:00,36.87,0.902,189468,31.8,6.78,5.83,168,86
AMZ-IQT-001,8/26/2024,8:00,38.43,0.94,197514,29.1,6.75,5,144,91
AMZ-IQT-001,8/27/2024,7:00,38.36,0.938,197147,30.6,7.47,6.46,146,89
AMZ-IQT-001,8/28/2024,6:00,36.78,0.899,189016,29.7,7.14,5.88,162,86
AMZ-IQT-001,8/29/2024,7:00,35.69,0.873,183428,28.9,6.91,5.52,145,86
AMZ-IQT-001,8/30/2024,11:00,36.92,0.903,189708,30.2,7.12,5.51,143,88
AMZ-IQT-001,8/31/2024,9:00,40.39,0.988,207569,30.7,6.72,5.48,164,94
AMZ-IQT-001,9/1/2024,15:00,35.16,0.86,180674,30.3,7.04,5.87,116,70
AMZ-IQT-001,9/2/2024,10:00,38.17,0.933,196153,29.9,7.03,6.23,142,79
AMZ-IQT-001,9/3/2024,15:00,36.73,0.898,188756,29.2,6.82,5.73,127,80
AMZ-IQT-001,9/4/2024,17:00,35.56,0.87,182739,29.4,7.18,4.72,119,95
AMZ-IQT-001,9/5/2024,8:00,35.58,0.87,182833,28.5,7.42,5.16,172,91
AMZ-IQT-001,9/6/2024,12:00,36.22,0.886,186129,30.3,7.11,5.83,140,80
AMZ-IQT-001,9/7/2024,8:00,36,0.88,185016,29.3,7.24,4.74,144,97
AMZ-IQT-001,9/8/2024,8:00,38.36,0.938,197135,29.9,7.19,4.76,161,89
AMZ-IQT-001,9/9/2024,9:00,39.53,0.967,203149,30.3,7.18,4.61,149,97
AMZ-IQT-001,9/10/2024,11:00,39.03,0.954,200564,30.2,7.12,5.28,142,74
AMZ-IQT-001,9/11/2024,10:00,37.87,0.926,194604,29.5,6.78,5.87,141,79
AMZ-IQT-001,9/12/2024,15:00,37.48,0.916,192602,29.9,7,5.38,173,72
AMZ-IQT-001,9/13/2024,10:00,35.96,0.879,184782,30.4,6.89,6.22,150,96
AMZ-IQT-001,9/14/2024,16:00,37.89,0.927,194724,29.9,6.87,4.2,125,82
AMZ-IQT-001,9/15/2024,11:00,36.79,0.9,189067,29.2,6.97,5.95,137,96
AMZ-IQT-001,9/16/2024,14:00,36.58,0.895,188002,30.1,7.26,5.7,149,80
AMZ-IQT-001,9/17/2024,12:00,35.79,0.875,183909,28.7,7.41,4.56,136,85
AMZ-IQT-001,9/18/2024,14:00,35.02,0.856,179973,30.5,6.94,5.86,134,87
AMZ-IQT-001,9/19/2024,13:00,36.31,0.888,186602,28.9,6.77,5.13,125,92
AMZ-IQT-001,9/20/2024,15:00,33.26,0.813,170918,30.5,6.82,4.83,120,85
AMZ-IQT-001,9/21/2024,11:00,39.09,0.956,200881,27.8,6.81,5.14,163,78
AMZ-IQT-001,9/22/2024,14:00,36.49,0.892,187506,30.1,6.9,6.08,123,81
AMZ-IQT-001,9/23/2024,7:00,36.79,0.9,189077,30.2,7.28,5.55,125,79
AMZ-IQT-001,9/24/2024,13:00,36.03,0.881,185178,28.8,6.98,5.98,132,87
AMZ-IQT-001,9/25/2024,12:00,36.65,0.896,188359,28.9,6.77,4.94,147,90
AMZ-IQT-001,9/26/2024,16:00,35.9,0.878,184501,28.5,7.15,4.76,145,89
AMZ-IQT-001,9/27/2024,9:00,36.65,0.896,188364,28.2,6.75,5.46,152,76
AMZ-IQT-001,9/28/2024,6:00,36.87,0.902,189454,28.9,7.36,5.3,137,94
AMZ-IQT-001,9/29/2024,8:00,37.01,0.905,190218,29.8,6.96,5.29,135,86
AMZ-IQT-001,9/30/2024,9:00,36.97,0.904,189977,29,7.17,6.1,134,84
AMZ-IQT-001,10/1/2024,15:00,36.63,0.896,188258,29.3,6.77,5.25,154,71
AMZ-IQT-001,10/2/2024,17:00,35.13,0.859,180556,28.8,7.14,6.04,161,96
AMZ-IQT-001,10/3/2024,16:00,38.33,0.937,196952,28.2,7.11,6.17,159,85
AMZ-IQT-001,10/4/2024,6:00,36.02,0.881,185079,29.9,7.21,5.71,156,89
AMZ-IQT-001,10/5/2024,12:00,35.56,0.87,182754,29.2,6.85,5.22,141,91
AMZ-IQT-001,10/6/2024,12:00,36.94,0.903,189823,29.8,7.11,6.1,145,84
AMZ-IQT-001,10/7/2024,17:00,37.09,0.907,190596,29.8,6.91,4.49,138,97
AMZ-IQT-001,10/8/2024,16:00,34.65,0.847,178061,27.8,6.88,4.61,128,90
AMZ-IQT-001,10/9/2024,17:00,36.66,0.896,188389,30.1,7.14,5.71,154,112
AMZ-IQT-001,10/10/2024,12:00,35.58,0.87,182845,29.3,7.59,5.16,143,80
AMZ-IQT-001,10/11/2024,15:00,36.1,0.883,185509,28.3,7.26,6.11,152,87
AMZ-IQT-001,10/12/2024,17:00,36.07,0.882,185364,27.7,7.05,4.9,127,89
AMZ-IQT-001,10/13/2024,14:00,37.97,0.928,195107,28.3,6.74,5.79,149,85
AMZ-IQT-001,10/14/2024,13:00,36.51,0.893,187621,29,7.17,4.77,150,65
AMZ-IQT-001,10/15/2024,12:00,33.01,0.807,169642,28,6.93,5.73,128,86
AMZ-IQT-001,10/16/2024,7:00,33.9,0.829,174226,29.2,7.02,5.05,133,87
AMZ-IQT-001,10/17/2024,7:00,34.19,0.836,175675,28.4,7.22,5.3,126,88
AMZ-IQT-001,10/18/2024,14:00,34.93,0.854,179485,28.6,7.06,5.65,130,85
AMZ-IQT-001,10/19/2024,13:00,36.4,0.89,187037,28.1,7.1,5.86,157,94
AMZ-IQT-001,10/20/2024,12:00,34.63,0.847,177985,30,7,5.39,142,86
AMZ-IQT-001,10/21/2024,14:00,37.77,0.924,194103,28.1,7.08,5.94,118,85
AMZ-IQT-001,10/22/2024,14:00,38.99,0.953,200357,28.5,6.92,5.49,166,86
AMZ-IQT-001,10/23/2024,12:00,34.27,0.838,176134,28.5,6.9,6.07,160,84
AMZ-IQT-001,10/24/2024,10:00,32.76,0.801,168342,29,6.97,5.23,139,82
AMZ-IQT-001,10/25/2024,13:00,35.35,0.864,181654,29.7,6.99,5.94,125,89
AMZ-IQT-001,10/26/2024,8:00,34.23,0.837,175929,28,7.16,5.03,156,85
AMZ-IQT-001,10/27/2024,14:00,38.07,0.931,195616,29,6.92,5.56,142,97
AMZ-IQT-001,10/28/2024,16:00,34.66,0.848,178133,28.5,6.76,5.18,148,80
AMZ-IQT-001,10/29/2024,14:00,37.66,0.921,193523,27.6,6.9,5.36,172,86
AMZ-IQT-001,10/30/2024,14:00,34.37,0.841,176650,27.9,6.72,5.34,150,92
AMZ-IQT-001,10/31/2024,14:00,33.49,0.819,172091,27.4,7.12,5.27,84,102
AMZ-IQT-001,11/1/2024,14:00,71.68,1.753,368364,26,6.84,5.4,281,76
AMZ-IQT-001,11/2/2024,16:00,73.8,1.805,379271,28.8,7.19,5.99,272,84
AMZ-IQT-001,11/3/2024,13:00,69.48,1.699,357073,28.9,6.82,5.05,245,82
AMZ-IQT-001,11/4/2024,10:00,69.91,1.71,359255,28.3,7.12,5.82,251,86
AMZ-IQT-001,11/5/2024,10:00,72.18,1.765,370909,29.1,6.75,5.73,286,85
AMZ-IQT-001,11/6/2024,16:00,71.5,1.748,367440,27.5,6.88,5.13,268,84
AMZ-IQT-001,11/7/2024,8:00,66.21,1.619,340243,27.8,7.02,5.59,287,100
AMZ-IQT-001,11/8/2024,13:00,67.06,1.64,344595,27.4,6.77,4.83,290,86
AMZ-IQT-001,11/9/2024,16:00,70.56,1.725,362580,29,7.28,5.89,271,89
AMZ-IQT-001,11/10/2024,17:00,72.29,1.768,371500,27.6,7.21,5.57,274,85
AMZ-IQT-001,11/11/2024,15:00,69.29,1.694,356062,25.8,7.13,5.01,252,76
AMZ-IQT-001,11/12/2024,10:00,65.34,1.598,335782,27,6.72,5.21,221,76
AMZ-IQT-001,11/13/2024,9:00,73.41,1.795,377273,27.9,7.01,6.19,273,70
AMZ-IQT-001,11/14/2024,11:00,71.56,1.75,367757,28.2,7.21,4.73,265,90
AMZ-IQT-001,11/15/2024,9:00,70.43,1.722,361926,28.9,7.22,5.69,267,89
AMZ-IQT-001,11/16/2024,9:00,72.07,1.762,370339,27.4,6.83,6.72,277,79
AMZ-IQT-001,11/17/2024,14:00,63.97,1.564,328763,27.8,7.23,6.05,232,91
AMZ-IQT-001,11/18/2024,6:00,60.35,1.476,310154,28,6.66,5.13,212,74
AMZ-IQT-001,11/19/2024,13:00,74.03,1.81,380420,26.9,6.82,4.54,280,81
AMZ-IQT-001,11/20/2024,10:00,72.62,1.776,373171,27.4,7.11,6.05,250,82
AMZ-IQT-001,11/21/2024,17:00,68.78,1.682,353451,26.1,6.94,5.77,264,99
AMZ-IQT-001,11/22/2024,7:00,69.45,1.698,356920,26,6.55,5.83,279,75
AMZ-IQT-001,11/23/2024,13:00,66.89,1.636,343737,27.6,6.91,5.35,270,84
AMZ-IQT-001,11/24/2024,8:00,75.52,1.847,388102,27.1,7.03,5.29,282,84
AMZ-IQT-001,11/25/2024,14:00,73.98,1.809,380188,27.4,6.58,6.23,287,92
AMZ-IQT-001,11/26/2024,10:00,65.01,1.59,334102,25.9,7.3,5.41,259,84
AMZ-IQT-001,11/27/2024,8:00,71.61,1.751,368009,25.6,7.31,5.26,284,75
AMZ-IQT-001,11/28/2024,12:00,72.02,1.761,370082,27.7,7.15,5.2,285,87
AMZ-IQT-001,11/29/2024,14:00,67.16,1.642,345116,26.2,6.87,5.1,275,92
AMZ-IQT-001,11/30/2024,6:00,71.68,1.753,368347,27.6,6.96,5.4,267,92
AMZ-IQT-001,12/1/2024,14:00,66.58,1.628,342125,26.6,7.12,4.79,265,76
AMZ-IQT-001,12/2/2024,14:00,72.45,1.772,372331,26.2,6.93,5.15,277,83
AMZ-IQT-001,12/3/2024,7:00,69.2,1.692,355591,25.9,6.87,5.76,276,84
AMZ-IQT-001,12/4/2024,10:00,65.51,1.602,336661,28.3,6.9,5.11,246,75
AMZ-IQT-001,12/5/2024,8:00,76.52,1.871,393227,24.7,6.91,4.48,297,88
AMZ-IQT-001,12/6/2024,13:00,69.28,1.694,356034,27.7,6.96,6.12,263,81
AMZ-IQT-001,12/7/2024,7:00,68.88,1.684,353981,26.7,7,6,275,91
AMZ-IQT-001,12/8/2024,6:00,70.87,1.733,364187,25.9,7.18,6,289,95
AMZ-IQT-001,12/9/2024,9:00,71.54,1.749,367621,27.1,7.1,5.59,280,101
AMZ-IQT-001,12/10/2024,14:00,66.71,1.631,342818,25.4,6.84,4.73,245,78
AMZ-IQT-001,12/11/2024,11:00,62.71,1.533,322261,27.9,7,5.33,244,90
AMZ-IQT-001,12/12/2024,14:00,62.26,1.522,319940,25.6,6.5,5.97,223,108
AMZ-IQT-001,12/13/2024,13:00,66.05,1.615,339419,24.3,7.07,5.4,241,83
AMZ-IQT-001,12/14/2024,10:00,68.27,1.669,350845,27.2,7.18,4.92,251,86
AMZ-IQT-001,12/15/2024,7:00,67.91,1.661,348996,25.4,7.03,5.98,250,84
AMZ-IQT-001,12/16/2024,12:00,63.83,1.561,328004,26.5,6.81,5.32,233,84
AMZ-IQT-001,12/17/2024,9:00,61.64,1.507,316769,24.9,6.84,5.72,230,87
AMZ-IQT-001,12/18/2024,11:00,67.61,1.653,347450,25.2,6.86,5.27,253,82
AMZ-IQT-001,12/19/2024,11:00,66.74,1.632,342966,24.4,6.9,5.62,259,91
AMZ-IQT-001,12/20/2024,7:00,63.89,1.562,328325,25.6,7.19,5.76,246,93
AMZ-IQT-001,12/21/2024,7:00,69.68,1.704,358086,25.9,7.09,5.65,287,89
AMZ-IQT-001,12/22/2024,17:00,66.59,1.628,342189,25.5,6.98,5.74,230,97
AMZ-IQT-001,12/23/2024,13:00,65.77,1.608,338012,23.8,7.22,4.54,261,96
AMZ-IQT-001,12/24/2024,16:00,62.36,1.525,320446,24.5,6.79,4.95,236,96
AMZ-IQT-001,12/25/2024,17:00,62.58,1.53,321583,26.3,7.27,4.96,254,84
AMZ-IQT-001,12/26/2024,11:00,64.39,1.574,330871,25.3,6.93,6.31,232,88
AMZ-IQT-001,12/27/2024,13:00,61.28,1.499,314938,25.7,6.92,5.32,223,101
AMZ-IQT-001,12/28/2024,17:00,62.53,1.529,321329,25.4,6.48,5.47,226,91
AMZ-IQT-001,12/29/2024,16:00,70.34,1.72,361454,24.3,6.55,5.18,250,82
AMZ-IQT-001,12/30/2024,7:00,65.14,1.593,334772,24.7,7.31,5.85,264,95
AMZ-IQT-001,12/31/2024,16:00,65.78,1.608,338022,26.6,7.01,6.24,246,94
AMZ-IQT-001,1/1/2025,14:00,64.77,1.584,332866,23.4,6.79,5.86,234,87
AMZ-IQT-001,1/2/2025,9:00,68.27,1.669,350837,24.3,7.11,5.14,254,84
AMZ-IQT-001,1/3/2025,16:00,62.04,1.517,318805,25.1,6.86,5.83,238,101
AMZ-IQT-001,1/4/2025,14:00,60.98,1.491,313368,25.2,7.32,5.51,247,84
AMZ-IQT-001,1/5/2025,16:00,69.41,1.697,356701,23.4,6.77,5.48,277,93
AMZ-IQT-001,1/6/2025,6:00,62.76,1.535,322504,25.1,7.32,5.17,244,97
AMZ-IQT-001,1/7/2025,12:00,71.23,1.742,366032,25,6.95,5.22,254,93
AMZ-IQT-001,1/8/2025,7:00,59.46,1.454,305569,25.4,7.11,5.79,262,108
AMZ-IQT-001,1/9/2025,17:00,62.61,1.531,321746,22.7,7.03,5.43,220,89
AMZ-IQT-001,1/10/2025,7:00,64.47,1.577,331327,25.8,7,5.34,240,87
AMZ-IQT-001,1/11/2025,10:00,68,1.663,349446,25.7,7.25,5.96,242,75
AMZ-IQT-001,1/12/2025,15:00,61.3,1.499,314999,26.3,7.07,5.23,237,104
AMZ-IQT-001,1/13/2025,13:00,66.21,1.619,340259,25,7.04,5.45,255,79
AMZ-IQT-001,1/14/2025,7:00,61.54,1.505,316236,25,7.05,5.83,243,79
AMZ-IQT-001,1/15/2025,14:00,65.17,1.594,334903,23.1,6.59,5.86,259,85
AMZ-IQT-001,1/16/2025,11:00,62.05,1.517,318861,26.7,7.08,5.59,241,72
AMZ-IQT-001,1/17/2025,15:00,65.58,1.604,337037,24.5,7.03,5.28,244,77
AMZ-IQT-001,1/18/2025,15:00,64.92,1.588,333635,24.5,7.34,4.95,243,88
AMZ-IQT-001,1/19/2025,17:00,65.04,1.59,334230,23.5,7,6.54,246,89
AMZ-IQT-001,1/20/2025,16:00,61.3,1.499,315000,23.6,6.77,5.82,231,84
AMZ-IQT-001,1/21/2025,9:00,61.8,1.511,317575,24.5,6.84,5.16,249,79
AMZ-IQT-001,1/22/2025,17:00,63.51,1.553,326354,23.8,7.03,5.48,241,86
AMZ-IQT-001,1/23/2025,13:00,63.42,1.551,325905,24.1,7.07,6.52,242,83
AMZ-IQT-001,1/24/2025,12:00,64.19,1.57,329866,24.2,7.08,5.3,262,86
AMZ-IQT-001,1/25/2025,6:00,61.13,1.495,314144,24.8,6.88,5.95,218,92
AMZ-IQT-001,1/26/2025,14:00,67.74,1.657,348130,24.3,7.11,5.38,256,71
AMZ-IQT-001,1/27/2025,15:00,56.35,1.378,289574,22.9,6.96,5.27,241,91
AMZ-IQT-001,1/28/2025,7:00,61.2,1.497,314524,23.9,6.98,5.89,247,94
AMZ-IQT-001,1/29/2025,11:00,60.66,1.483,311733,24.9,6.98,5.65,219,85
AMZ-IQT-001,1/30/2025,8:00,62.63,1.531,321836,24.1,7.05,5.54,211,83
AMZ-IQT-001,1/31/2025,8:00,60.68,1.484,311810,25.1,7.57,5.04,239,88
AMZ-IQT-001,2/1/2025,8:00,63.88,1.562,328262,23.6,7.07,4.97,234,91
AMZ-IQT-001,2/2/2025,16:00,61.89,1.513,318058,24.4,6.85,5.64,221,99
AMZ-IQT-001,2/3/2025,17:00,66.05,1.615,339441,25.4,7.03,5.5,255,71
AMZ-IQT-001,2/4/2025,12:00,54.81,1.34,281641,23.5,7.09,5.92,214,95
AMZ-IQT-001,2/5/2025,13:00,64.11,1.568,329449,23.4,6.97,4.9,256,72
AMZ-IQT-001,2/6/2025,14:00,66.93,1.637,343962,23.6,6.73,5.04,238,98
AMZ-IQT-001,2/7/2025,16:00,58.56,1.432,300948,23.8,7.1,5.09,230,86
AMZ-IQT-001,2/8/2025,8:00,60.55,1.481,311175,23.5,7.02,4.57,227,98
AMZ-IQT-001,2/9/2025,11:00,61.37,1.501,315398,24.8,6.8,5.83,228,97
AMZ-IQT-001,2/10/2025,7:00,59.89,1.464,307759,24.5,6.8,5.51,218,80
AMZ-IQT-001,2/11/2025,9:00,65.51,1.602,336643,23.5,7.16,5.67,270,89
AMZ-IQT-001,2/12/2025,14:00,57.49,1.406,295414,22.2,6.87,4.42,238,85
AMZ-IQT-001,2/13/2025,16:00,67.87,1.66,348757,22.6,6.95,4.94,266,110
AMZ-IQT-001,2/14/2025,9:00,58.81,1.438,302214,22.4,6.91,5.68,259,81
AMZ-IQT-001,2/15/2025,9:00,66.04,1.615,339396,22,6.88,6.37,260,99
AMZ-IQT-001,2/16/2025,10:00,62.86,1.537,323059,23.5,7.15,5.09,239,74
AMZ-IQT-001,2/17/2025,10:00,62.2,1.521,319642,23.3,7.04,5.57,212,90
AMZ-IQT-001,2/18/2025,17:00,67.65,1.654,347624,22.7,6.86,5.47,255,106
AMZ-IQT-001,2/19/2025,7:00,59.1,1.445,303726,24.6,6.75,5.4,235,83
AMZ-IQT-001,2/20/2025,12:00,57.15,1.397,293667,22.8,6.71,5.71,243,99
AMZ-IQT-001,2/21/2025,7:00,64.91,1.587,333578,23.1,6.67,5.57,248,87
AMZ-IQT-001,2/22/2025,13:00,63.8,1.56,327873,24.3,6.95,5.18,262,86
AMZ-IQT-001,2/23/2025,9:00,52.09,1.274,267663,21.8,7.08,5.32,195,94
AMZ-IQT-001,2/24/2025,14:00,57.97,1.418,297906,22.8,7.2,5.74,223,62
AMZ-IQT-001,2/25/2025,12:00,57.05,1.395,293197,23,7.05,5.87,238,80
AMZ-IQT-001,2/26/2025,10:00,56.97,1.393,292781,23.4,6.82,5.36,225,85
AMZ-IQT-001,2/27/2025,10:00,56.81,1.389,291923,23.5,6.65,5.51,232,81
AMZ-IQT-001,2/28/2025,10:00,60.68,1.484,311816,24.2,6.9,5.24,225,86
AMZ-IQT-001,3/1/2025,9:00,64.26,1.571,330233,24,6.88,5.05,254,80
AMZ-IQT-001,3/2/2025,7:00,65.53,1.602,336735,23.6,7.18,5.43,261,84
AMZ-IQT-001,3/3/2025,9:00,62.82,1.536,322842,23.4,7.08,5.58,267,92
AMZ-IQT-001,3/4/2025,14:00,64.87,1.586,333342,23,6.94,5.41,244,79
AMZ-IQT-001,3/5/2025,6:00,63.1,1.543,324267,23.4,7.48,5.34,243,81
AMZ-IQT-001,3/6/2025,7:00,64.09,1.567,329359,24.5,6.66,5.99,220,91
AMZ-IQT-001,3/7/2025,16:00,64.15,1.569,329665,23.4,7.15,4.57,248,100
AMZ-IQT-001,3/8/2025,12:00,58.93,1.441,302823,23.2,6.98,5.53,219,98
AMZ-IQT-001,3/9/2025,17:00,58.27,1.425,299429,23,7.05,5.99,206,92
AMZ-IQT-001,3/10/2025,12:00,59.6,1.457,306277,23.3,7.12,5.58,255,83
AMZ-IQT-001,3/11/2025,11:00,63.06,1.542,324056,23.5,7.22,5.58,264,93
AMZ-IQT-001,3/12/2025,7:00,63.39,1.55,325781,23.5,7.05,5.41,232,88
AMZ-IQT-001,3/13/2025,11:00,56.63,1.385,291023,23.5,7.14,5.42,243,95
AMZ-IQT-001,3/14/2025,6:00,60.81,1.487,312480,23.8,6.85,4.99,247,74
AMZ-IQT-001,3/15/2025,8:00,64.49,1.577,331423,24.5,6.94,4.6,253,85
AMZ-IQT-001,3/16/2025,14:00,56.61,1.384,290916,23.1,6.99,6.17,213,90
AMZ-IQT-001,3/17/2025,7:00,57.73,1.412,296657,23.7,6.63,5.55,205,76
AMZ-IQT-001,3/18/2025,7:00,60.06,1.469,308622,23.9,7.36,5.35,204,86
AMZ-IQT-001,3/19/2025,8:00,54.44,1.331,279758,22.6,7.09,5.33,224,89
AMZ-IQT-001,3/20/2025,6:00,66.01,1.614,339218,25.6,7.2,5.62,235,101
AMZ-IQT-001,3/21/2025,6:00,62.73,1.534,322388,23.7,7.4,5.39,247,90
AMZ-IQT-001,3/22/2025,11:00,65.39,1.599,336031,24.1,7.11,5.41,254,79
AMZ-IQT-001,3/23/2025,16:00,57.47,1.405,295321,24.1,6.81,5.83,227,86
AMZ-IQT-001,3/24/2025,7:00,56.4,1.379,289847,24.9,7.33,5.95,222,96
AMZ-IQT-001,3/25/2025,12:00,64.75,1.583,332748,23.3,6.89,5.82,233,85
AMZ-IQT-001,3/26/2025,15:00,69.85,1.708,358940,24.1,7.03,5.51,275,96
AMZ-IQT-001,3/27/2025,7:00,68.35,1.671,351238,25.8,6.96,5.46,274,93
AMZ-IQT-001,3/28/2025,6:00,65.24,1.595,335251,22.6,6.89,5.09,244,105
AMZ-IQT-001,3/29/2025,14:00,61.84,1.512,317809,24.4,7.09,5.16,235,94
AMZ-IQT-001,3/30/2025,9:00,54.4,1.33,279567,23.3,6.71,5.05,209,62
AMZ-IQT-001,3/31/2025,15:00,64.66,1.581,332264,24.3,7.01,5.62,234,91
AMZ-IQT-001,4/1/2025,15:00,48.58,1.188,249651,24.1,7.06,6.3,196,94
AMZ-IQT-001,4/2/2025,7:00,45.18,1.105,232163,24.6,7.05,6.08,190,62
AMZ-IQT-001,4/3/2025,10:00,46.36,1.134,238261,23.5,6.87,5.6,184,83
AMZ-IQT-001,4/4/2025,17:00,45.7,1.118,234851,25.1,6.95,5.33,139,87
AMZ-IQT-001,4/5/2025,11:00,44.87,1.097,230570,23.9,7.08,5.91,172,87
AMZ-IQT-001,4/6/2025,8:00,46.12,1.128,236990,24.9,6.81,5.32,184,86
AMZ-IQT-001,4/7/2025,6:00,45.44,1.111,233491,25.6,7.33,5.4,169,74
AMZ-IQT-001,4/8/2025,14:00,47.33,1.157,243232,25.1,6.97,5.57,190,92
AMZ-IQT-001,4/9/2025,17:00,44.1,1.078,226626,22.6,6.95,6.09,169,89
AMZ-IQT-001,4/10/2025,10:00,43.84,1.072,225295,24.9,7.06,5.29,171,99
AMZ-IQT-001,4/11/2025,9:00,40.71,0.996,209208,24.1,6.81,5.76,165,89
AMZ-IQT-001,4/12/2025,11:00,46.01,1.125,236460,24.7,7.07,6.24,188,80
AMZ-IQT-001,4/13/2025,7:00,46.55,1.138,239216,24.6,6.87,5.26,167,87
AMZ-IQT-001,4/14/2025,9:00,45.27,1.107,232651,24.2,6.66,5.54,184,64
AMZ-IQT-001,4/15/2025,14:00,46.19,1.129,237353,24.1,6.73,5.68,167,93
AMZ-IQT-001,4/16/2025,8:00,47.2,1.154,242559,23,6.99,5.45,193,95
AMZ-IQT-001,4/17/2025,9:00,45.75,1.119,235110,23.8,7.02,5.04,169,94
AMZ-IQT-001,4/18/2025,13:00,45.43,1.111,233474,25.6,6.96,5.32,190,87
AMZ-IQT-001,4/19/2025,13:00,48.36,1.183,248522,24.9,6.77,5.07,173,99
AMZ-IQT-001,4/20/2025,15:00,48.2,1.179,247718,25.6,7.12,4.31,199,82
AMZ-IQT-001,4/21/2025,14:00,47.17,1.153,242379,25,6.87,5.4,202,96
AMZ-IQT-001,4/22/2025,7:00,45.45,1.111,233581,25.6,7.08,5.79,167,90
AMZ-IQT-001,4/23/2025,16:00,50.39,1.232,258929,26.4,6.98,5.4,181,92
AMZ-IQT-001,4/24/2025,6:00,45.7,1.117,234831,24.3,7.16,5.16,187,83
AMZ-IQT-001,4/25/2025,6:00,45.38,1.11,233229,23.1,6.86,5.54,173,92
AMZ-IQT-001,4/26/2025,17:00,48.88,1.195,251167,25.3,7.25,5.43,189,97
AMZ-IQT-001,4/27/2025,11:00,48.07,1.176,247052,25.4,7.23,5.95,206,102
AMZ-IQT-001,4/28/2025,12:00,44.8,1.096,230221,24.8,6.56,5.15,179,91
AMZ-IQT-001,4/29/2025,15:00,46.21,1.13,237451,24.1,7.16,5.59,155,94
AMZ-IQT-001,4/30/2025,13:00,48.53,1.187,249388,24.9,6.81,5.39,201,99
AMZ-IQT-001,5/1/2025,9:00,46.65,1.141,239750,24.9,7.2,5.38,190,87
AMZ-IQT-001,5/2/2025,13:00,42.55,1.041,218679,25.6,7.18,5.6,154,83
AMZ-IQT-001,5/3/2025,11:00,45.79,1.12,235293,26,6.5,5.67,172,101
AMZ-IQT-001,5/4/2025,6:00,46.61,1.14,239538,25.8,7.26,5.76,191,81
AMZ-IQT-001,5/5/2025,10:00,49.41,1.208,253904,25.9,6.91,5.2,206,80
AMZ-IQT-001,5/6/2025,10:00,48.19,1.178,247628,24.3,7.21,5.83,159,86
AMZ-IQT-001,5/7/2025,11:00,51.96,1.271,267023,24,6.94,6,180,105
AMZ-IQT-001,5/8/2025,8:00,46.01,1.125,236431,26.4,7.18,5.41,180,92
AMZ-IQT-001,5/9/2025,8:00,49.48,1.21,254274,24.6,7,5.3,187,100
AMZ-IQT-001,5/10/2025,11:00,48.76,1.192,250593,25.5,6.96,4.79,171,81
AMZ-IQT-001,5/11/2025,13:00,46.92,1.147,241113,26,6.73,6.06,162,70
AMZ-IQT-001,5/12/2025,6:00,49.17,1.202,252663,27.2,7.05,5.01,192,91
AMZ-IQT-001,5/13/2025,13:00,44.7,1.093,229692,26.1,7.19,5.76,179,82
AMZ-IQT-001,5/14/2025,6:00,47.05,1.15,241764,25.7,6.97,5.2,179,102
AMZ-IQT-001,5/15/2025,8:00,45.6,1.115,234310,27,6.93,5.22,182,83
AMZ-IQT-001,5/16/2025,8:00,47.78,1.168,245534,25.2,6.72,5.49,182,89
AMZ-IQT-001,5/17/2025,13:00,46.89,1.147,240960,26.2,7.25,5.38,191,87
AMZ-IQT-001,5/18/2025,9:00,48.2,1.179,247681,25.5,7.15,4.32,193,90
AMZ-IQT-001,5/19/2025,6:00,51.81,1.267,266238,26.1,6.82,5.31,211,80
AMZ-IQT-001,5/20/2025,9:00,49.09,1.201,252294,26.6,7.21,6.05,179,95
AMZ-IQT-001,5/21/2025,11:00,46.71,1.142,240018,25.4,6.59,4.82,198,87
AMZ-IQT-001,5/22/2025,10:00,50.68,1.239,260457,25.5,6.71,5.4,205,89
AMZ-IQT-001,5/23/2025,8:00,47.59,1.164,244572,25.2,6.58,4.91,196,96
AMZ-IQT-001,5/24/2025,11:00,48.75,1.192,250518,26,7.16,6.22,182,102
AMZ-IQT-001,5/25/2025,12:00,50.14,1.226,257641,26.5,6.77,5.08,183,98
AMZ-IQT-001,5/26/2025,16:00,46.04,1.126,236573,26.7,6.93,5.69,166,72
AMZ-IQT-001,5/27/2025,15:00,51.89,1.269,266670,26.6,7.15,5.68,202,103
AMZ-IQT-001,5/28/2025,15:00,45.98,1.124,236310,28,6.78,5.59,186,84
